0,1,2,3
PS,PM,SS,SM
PM,PL,BM,BS
PL,SS,SM,
PS,PM,SM,SB
PS,PM,SS,SM
PS,PM,BM,BS
NM,NS,BB,BM
NM,NS,SS,SM
NM,NS,BM,BS
NM,NS,BM,BS
NM,NS,SS,SM
NM,NS,BM,BS
NM,NS,SS,SM
PS,PM,BB,BM
NM,NS,SS,SM
NM,NS,BM,BS
PS,PM,SS,SM
PS,PM,SS,SM
NM,NS,SS,SM
NM,NS,BM,BS
PS,PM,BM,BS
NL,NM,BM,BS
NL,NM,SS,SM
NL,NM,SS,SM
NM,NS,BB,BM
NM,NS,SS,SM
PS,PM,BM,BS
PS,PM,BM,BS
PS,PM,SS,SM
NM,NS,BM,BS
NM,NS,BM,BS
NL,NM,SS,SM
NL,NM,SS,SM
NL,BM,BS,
NL,NM,SM,SB
PS,PM,BM,BS
PS,PM,BM,BS
NM,NS,SS,SM
NM,NS,SB,
PL,BB,BM,
PL,SM,SB,
PL,SS,SM,
PL,BM,BS,
PL,BB,BM,
PL,BB,,
NM,NS,SS,SM
NL,SM,SB,
NL,BB,BM,
NM,NS,BB,BM
NM,NS,BM,BS
NM,NS,BB,BM
NL,SS,SM,
NL,SM,SB,
PS,PM,BM,BS
PS,PM,SS,SM
NM,NS,SS,SM
PS,PM,BM,BS
NM,NS,BM,BS
NM,NS,BM,BS
NL,NM,BB,BM
NM,NS,SS,SM
NL,SB,,
PS,PM,BM,BS
PS,PM,SS,SM
PS,PM,SM,SB
PS,PM,SS,SM
PS,PM,BM,BS
